# userAcoount DB

insert into user_account (user_id, user_password, email, memo, nickname, created_at, created_by, modified_at, modified_by) values (1, 1, 'gmcginlay0@yandex.ru', 'Mercedes-Benz', 'CL-Class', '2023-03-30 12:50:07', 'hkhan0', '2023-04-13 08:26:21', 'wricht0');
insert into user_account (user_id, user_password, email, memo, nickname, created_at, created_by, modified_at, modified_by) values (2, 2, 'hackrill1@bandcamp.com', 'Volkswagen', 'Cabriolet', '2023-09-16 09:27:24', 'mpavlitschek1', '2023-04-05 08:34:45', 'rnewick1');
insert into user_account (user_id, user_password, email, memo, nickname, created_at, created_by, modified_at, modified_by) values (3, 3, 'cdeboy2@tuttocitta.it', 'Cadillac', 'SRX', '2023-01-10 14:00:15', 'gpetzold2', '2023-04-15 02:37:05', 'msellen2');
insert into user_account (user_id, user_password, email, memo, nickname, created_at, created_by, modified_at, modified_by) values (4, 4, 'fdrysdale3@canalblog.com', 'Chevrolet', 'Prizm', '2023-03-06 19:27:27', 'fjaulme3', '2023-04-05 15:12:34', 'dfermoy3');
insert into user_account (user_id, user_password, email, memo, nickname, created_at, created_by, modified_at, modified_by) values (5, 5, 'dpurver4@cloudflare.com', 'Mazda', 'MX-5', '2023-05-16 03:21:51', 'terrol4', '2023-04-14 11:19:25', 'strethewey4');
insert into user_account (user_id, user_password, email, memo, nickname, created_at, created_by, modified_at, modified_by) values (6, 6, 'cvischi5@ehow.com', 'Hyundai', 'Sonata', '2023-04-16 00:34:15', 'alenglet5', '2023-08-01 02:01:13', 'fballingal5');
insert into user_account (user_id, user_password, email, memo, nickname, created_at, created_by, modified_at, modified_by) values (7, 7, 'cmaccostye6@altervista.org', 'Toyota', 'Celica', '2022-11-29 08:26:55', 'mtomaszewski6', '2023-10-06 09:12:06', 'hblunt6');
insert into user_account (user_id, user_password, email, memo, nickname, created_at, created_by, modified_at, modified_by) values (8, 8, 'etapson7@delicious.com', 'GMC', 'Sierra 1500', '2023-05-17 07:34:31', 'mgregor7', '2023-05-26 09:04:32', 'lochterlony7');
insert into user_account (user_id, user_password, email, memo, nickname, created_at, created_by, modified_at, modified_by) values (9, 9, 'gcheco8@pbs.org', 'Mitsubishi', 'Pajero', '2023-09-14 10:56:58', 'dcameron8', '2023-01-18 20:16:01', 'jcinnamond8');
insert into user_account (user_id, user_password, email, memo, nickname, created_at, created_by, modified_at, modified_by) values (10, 10, 'caimable9@quantcast.com', 'Cadillac', 'Escalade', '2023-08-09 06:43:07', 'kfenn9', '2023-10-08 21:47:55', 'ccrosseland9');
insert into user_account (user_id, user_password, email, memo, nickname, created_at, created_by, modified_at, modified_by) values (11, 11, 'fdipietroa@netlog.com', 'Toyota', 'Matrix', '2023-08-11 05:30:48', 'craglesa', '2023-02-11 11:50:02', 'slegona');
insert into user_account (user_id, user_password, email, memo, nickname, created_at, created_by, modified_at, modified_by) values (12, 12, 'atrayfordb@wisc.edu', 'Morgan', 'Aero 8', '2023-04-27 11:31:23', 'akhrishtafovichb', '2022-12-10 07:09:19', 'kbulfordb');
insert into user_account (user_id, user_password, email, memo, nickname, created_at, created_by, modified_at, modified_by) values (13, 13, 'nbaltrushaitisc@gmpg.org', 'Honda', 'Element', '2023-10-07 01:43:30', 'smcduffyc', '2023-07-12 13:25:38', 'sheinzlerc');
insert into user_account (user_id, user_password, email, memo, nickname, created_at, created_by, modified_at, modified_by) values (14, 14, 'eweyd@slashdot.org', 'Jeep', 'Grand Cherokee', '2023-02-18 03:40:35', 'hsorbyd', '2023-05-20 13:20:59', 'kromaind');
insert into user_account (user_id, user_password, email, memo, nickname, created_at, created_by, modified_at, modified_by) values (15, 15, 'jsandeye@stumbleupon.com', 'BMW', '330', '2023-02-22 10:13:57', 'cfidoe', '2023-03-25 04:07:35', 'bburmane');
insert into user_account (user_id, user_password, email, memo, nickname, created_at, created_by, modified_at, modified_by) values (16, 16, 'ekomorowskif@privacy.gov.au', 'GMC', 'Savana 1500', '2023-05-03 23:59:12', 'vsimeonef', '2023-02-22 19:00:58', 'mmcglonef');
insert into user_account (user_id, user_password, email, memo, nickname, created_at, created_by, modified_at, modified_by) values (17, 17, 'mtofpikg@newyorker.com', 'Saab', '9000', '2023-06-28 00:17:25', 'djaradg', '2023-06-23 18:47:37', 'lratcliffg');
insert into user_account (user_id, user_password, email, memo, nickname, created_at, created_by, modified_at, modified_by) values (18, 18, 'tmartinh@cdbaby.com', 'Aston Martin', 'V8 Vantage', '2023-09-08 15:10:09', 'gbengtsenh', '2023-05-23 00:07:26', 'owhippleh');
insert into user_account (user_id, user_password, email, memo, nickname, created_at, created_by, modified_at, modified_by) values (19, 19, 'mmolyneauxi@symantec.com', 'Ford', 'Taurus', '2023-06-25 14:08:52', 'aclementei', '2023-06-27 13:32:32', 'rmarklini');
insert into user_account (user_id, user_password, email, memo, nickname, created_at, created_by, modified_at, modified_by) values (20, 20, 'dfalkj@blogs.com', 'Audi', 'A4', '2022-12-09 15:20:36', 'sroustj', '2023-05-26 07:41:11', 'asenechaultj');
insert into user_account (user_id, user_password, email, memo, nickname, created_at, created_by, modified_at, modified_by) values (21, 21, 'rbassfordk@mozilla.org', 'Ford', 'E-Series', '2023-06-07 21:35:25', 'awahnerk', '2023-04-13 14:38:28', 'thueyk');
insert into user_account (user_id, user_password, email, memo, nickname, created_at, created_by, modified_at, modified_by) values (22, 22, 'jtopleyl@ox.ac.uk', 'Mazda', '929', '2023-03-28 22:43:39', 'llahertyl', '2023-08-07 22:24:54', 'mmeesonl');
insert into user_account (user_id, user_password, email, memo, nickname, created_at, created_by, modified_at, modified_by) values (23, 23, 'jgoverm@google.pl', 'Ford', 'Ranger', '2023-08-20 12:52:13', 'ryessonm', '2023-03-02 18:34:17', 'aonionsm');
insert into user_account (user_id, user_password, email, memo, nickname, created_at, created_by, modified_at, modified_by) values (24, 24, 'htrimmilln@amazon.co.uk', 'Cadillac', 'Escalade EXT', '2023-03-13 21:59:45', 'jmardalln', '2023-11-19 15:16:07', 'ksummerleyn');
insert into user_account (user_id, user_password, email, memo, nickname, created_at, created_by, modified_at, modified_by) values (25, 25, 'apolkinhorno@weebly.com', 'Chevrolet', 'Silverado', '2023-01-11 14:52:13', 'jkippingo', '2023-11-23 09:13:10', 'ttinseyo');
insert into user_account (user_id, user_password, email, memo, nickname, created_at, created_by, modified_at, modified_by) values (26, 26, 'dlasseterp@wordpress.org', 'Mercedes-Benz', 'S-Class', '2023-02-03 02:23:13', 'gsheringtonp', '2023-05-17 10:15:01', 'nmcdonoghp');
insert into user_account (user_id, user_password, email, memo, nickname, created_at, created_by, modified_at, modified_by) values (27, 27, 'sgrummittq@desdev.cn', 'Dodge', 'Ram 3500', '2023-10-08 22:02:59', 'hminallq', '2023-06-13 20:45:03', 'cfewq');
insert into user_account (user_id, user_password, email, memo, nickname, created_at, created_by, modified_at, modified_by) values (28, 28, 'pmosedaler@flavors.me', 'Kia', 'Rio', '2023-03-04 02:59:05', 'mhelleckasr', '2023-11-09 02:19:43', 'svurleyr');
insert into user_account (user_id, user_password, email, memo, nickname, created_at, created_by, modified_at, modified_by) values (29, 29, 'nlampels@naver.com', 'Volkswagen', 'New Beetle', '2023-02-16 21:20:02', 'dwalshs', '2023-04-07 15:13:54', 'jstaits');
insert into user_account (user_id, user_password, email, memo, nickname, created_at, created_by, modified_at, modified_by) values (30, 30, 'dkittoet@a8.net', 'Mazda', 'B-Series', '2023-10-12 17:38:17', 'ajendruscht', '2023-10-01 19:22:09', 'swattinghamt');
insert into user_account (user_id, user_password, email, memo, nickname, created_at, created_by, modified_at, modified_by) values (31, 31, 'mstanistreteu@hubpages.com', 'Ford', 'Escort', '2023-04-21 02:26:52', 'amaciloryu', '2023-07-06 00:24:11', 'ichaizeu');
insert into user_account (user_id, user_password, email, memo, nickname, created_at, created_by, modified_at, modified_by) values (32, 32, 'lmcalessv@bbb.org', 'BMW', 'X6 M', '2023-06-29 23:49:26', 'dbutfieldv', '2023-09-15 07:29:41', 'qcumberlidgev');
insert into user_account (user_id, user_password, email, memo, nickname, created_at, created_by, modified_at, modified_by) values (33, 33, 'ncubbinelliw@github.com', 'Chevrolet', 'Avalanche', '2023-08-03 18:44:35', 'cfilippyevw', '2023-10-12 08:48:19', 'sbenw');
insert into user_account (user_id, user_password, email, memo, nickname, created_at, created_by, modified_at, modified_by) values (34, 34, 'hdenisox@usa.gov', 'Cadillac', 'DeVille', '2023-05-17 07:04:02', 'karnoldx', '2023-06-05 18:42:11', 'wwaslinx');
insert into user_account (user_id, user_password, email, memo, nickname, created_at, created_by, modified_at, modified_by) values (35, 35, 'abambroughy@wikispaces.com', 'Suzuki', 'SJ', '2023-06-18 05:57:13', 'aroistoney', '2023-11-04 09:29:19', 'rsmartmany');
insert into user_account (user_id, user_password, email, memo, nickname, created_at, created_by, modified_at, modified_by) values (36, 36, 'sbreamz@nbcnews.com', 'Chevrolet', 'Suburban', '2023-07-29 01:25:36', 'dpoutressz', '2023-02-08 16:09:57', 'kbloxamz');
insert into user_account (user_id, user_password, email, memo, nickname, created_at, created_by, modified_at, modified_by) values (37, 37, 'fhannon10@youtube.com', 'Mazda', 'B2600', '2023-11-06 06:07:35', 'dstandbridge10', '2023-06-11 00:49:10', 'ifrye10');
insert into user_account (user_id, user_password, email, memo, nickname, created_at, created_by, modified_at, modified_by) values (38, 38, 'wkemmons11@hibu.com', 'Volkswagen', 'New Beetle', '2023-08-20 17:51:31', 'ehowatt11', '2023-04-12 16:05:17', 'udearl11');
insert into user_account (user_id, user_password, email, memo, nickname, created_at, created_by, modified_at, modified_by) values (39, 39, 'mweond12@dot.gov', 'Toyota', 'Corolla', '2023-01-20 07:20:18', 'ahunstone12', '2023-04-18 21:39:22', 'sdot12');
insert into user_account (user_id, user_password, email, memo, nickname, created_at, created_by, modified_at, modified_by) values (40, 40, 'gpetrovsky13@etsy.com', 'Mercury', 'Topaz', '2023-05-29 21:01:34', 'lpatrick13', '2023-01-19 20:09:55', 'lpeaple13');
insert into user_account (user_id, user_password, email, memo, nickname, created_at, created_by, modified_at, modified_by) values (41, 41, 'fbohlens14@arstechnica.com', 'Oldsmobile', 'LSS', '2023-03-26 13:26:20', 'mbellamy14', '2023-05-29 15:39:48', 'dtheyer14');
insert into user_account (user_id, user_password, email, memo, nickname, created_at, created_by, modified_at, modified_by) values (42, 42, 'npotapczuk15@opensource.org', 'BMW', '5 Series', '2023-02-26 20:16:42', 'tfairnie15', '2023-10-01 09:30:49', 'tmealing15');
insert into user_account (user_id, user_password, email, memo, nickname, created_at, created_by, modified_at, modified_by) values (43, 43, 'fferrotti16@state.tx.us', 'Suzuki', 'Esteem', '2023-04-25 16:54:40', 'jmayworth16', '2023-06-10 18:38:17', 'fblurton16');
insert into user_account (user_id, user_password, email, memo, nickname, created_at, created_by, modified_at, modified_by) values (44, 44, 'mhunter17@wufoo.com', 'Pontiac', 'Bonneville', '2023-05-28 04:41:07', 'mlago17', '2023-06-03 02:40:48', 'darmiger17');
insert into user_account (user_id, user_password, email, memo, nickname, created_at, created_by, modified_at, modified_by) values (45, 45, 'drubrow18@si.edu', 'MINI', 'Countryman', '2023-10-20 19:43:41', 'baird18', '2023-06-25 10:08:24', 'bpurkins18');
insert into user_account (user_id, user_password, email, memo, nickname, created_at, created_by, modified_at, modified_by) values (46, 46, 'amacanellye19@auda.org.au', 'Toyota', 'Matrix', '2023-03-02 13:54:23', 'jcasiero19', '2023-10-06 15:52:33', 'dchittim19');
insert into user_account (user_id, user_password, email, memo, nickname, created_at, created_by, modified_at, modified_by) values (47, 47, 'rchurm1a@irs.gov', 'Saab', '9-5', '2023-05-25 17:10:42', 'lllewellin1a', '2023-10-31 14:13:45', 'acalcut1a');
insert into user_account (user_id, user_password, email, memo, nickname, created_at, created_by, modified_at, modified_by) values (48, 48, 'wstandfield1b@mozilla.com', 'Nissan', 'Quest', '2023-10-12 03:51:11', 'jhaughey1b', '2023-02-04 07:51:47', 'scrombie1b');
insert into user_account (user_id, user_password, email, memo, nickname, created_at, created_by, modified_at, modified_by) values (49, 49, 'slarrie1c@netlog.com', 'Audi', 'A4', '2023-07-14 20:05:34', 'iwalduck1c', '2022-12-19 12:33:43', 'bllywarch1c');
insert into user_account (user_id, user_password, email, memo, nickname, created_at, created_by, modified_at, modified_by) values (50, 50, 'jnewart1d@sciencedaily.com', 'Toyota', 'Solara', '2023-07-05 06:12:57', 'ltregensoe1d', '2023-11-12 03:00:55', 'hkarle1d');
insert into user_account (user_id, user_password, email, memo, nickname, created_at, created_by, modified_at, modified_by) values (51, 51, 'mmockes1e@slate.com', 'Lincoln', 'Navigator', '2023-07-18 22:52:08', 'mpetrolli1e', '2023-06-18 04:50:51', 'arouf1e');
insert into user_account (user_id, user_password, email, memo, nickname, created_at, created_by, modified_at, modified_by) values (52, 52, 'etruscott1f@businesswire.com', 'GMC', 'Suburban 1500', '2023-10-02 18:32:29', 'cstrippel1f', '2023-08-01 16:52:34', 'belloit1f');
insert into user_account (user_id, user_password, email, memo, nickname, created_at, created_by, modified_at, modified_by) values (53, 53, 'mbein1g@google.cn', 'Mercedes-Benz', 'W201', '2023-11-07 17:49:59', 'iwaldock1g', '2023-09-16 07:47:45', 'rstraniero1g');
insert into user_account (user_id, user_password, email, memo, nickname, created_at, created_by, modified_at, modified_by) values (54, 54, 'ecribbott1h@quantcast.com', 'Mercury', 'Grand Marquis', '2023-11-11 11:09:35', 'tfrentz1h', '2023-02-23 20:33:19', 'bcorwin1h');
insert into user_account (user_id, user_password, email, memo, nickname, created_at, created_by, modified_at, modified_by) values (55, 55, 'wbloys1i@sphinn.com', 'Dodge', 'Journey', '2023-11-13 11:06:26', 'dsetchfield1i', '2023-01-08 13:47:38', 'ajenkison1i');
insert into user_account (user_id, user_password, email, memo, nickname, created_at, created_by, modified_at, modified_by) values (56, 56, 'ppapworth1j@wunderground.com', 'Subaru', 'SVX', '2023-06-25 16:02:03', 'wgraffin1j', '2023-09-01 20:12:31', 'nswyer1j');
insert into user_account (user_id, user_password, email, memo, nickname, created_at, created_by, modified_at, modified_by) values (57, 57, 'gingyon1k@toplist.cz', 'Suzuki', 'Esteem', '2023-04-10 05:56:27', 'hjuza1k', '2023-01-18 01:25:08', 'eabrahmson1k');
insert into user_account (user_id, user_password, email, memo, nickname, created_at, created_by, modified_at, modified_by) values (58, 58, 'yrisborough1l@printfriendly.com', 'Isuzu', 'Amigo', '2023-04-05 17:28:36', 'dzecchinelli1l', '2023-09-23 16:53:49', 'cbottomore1l');
insert into user_account (user_id, user_password, email, memo, nickname, created_at, created_by, modified_at, modified_by) values (59, 59, 'lhartill1m@reuters.com', 'Nissan', '300ZX', '2023-07-21 14:34:02', 'zgiottini1m', '2023-09-20 23:07:20', 'aboorn1m');
insert into user_account (user_id, user_password, email, memo, nickname, created_at, created_by, modified_at, modified_by) values (60, 60, 'abrockelsby1n@dmoz.org', 'Honda', 'Fit', '2022-12-21 07:26:43', 'bdowey1n', '2023-01-22 23:49:04', 'wdoody1n');
insert into user_account (user_id, user_password, email, memo, nickname, created_at, created_by, modified_at, modified_by) values (61, 61, 'jwooler1o@telegraph.co.uk', 'Mazda', 'B2500', '2023-07-24 00:45:16', 'dlegate1o', '2023-02-01 12:57:54', 'afolks1o');
insert into user_account (user_id, user_password, email, memo, nickname, created_at, created_by, modified_at, modified_by) values (62, 62, 'spyvis1p@odnoklassniki.ru', 'GMC', 'Sierra 2500', '2023-03-10 22:39:56', 'rmoresby1p', '2023-11-08 06:47:20', 'cdonativo1p');
insert into user_account (user_id, user_password, email, memo, nickname, created_at, created_by, modified_at, modified_by) values (63, 63, 'zgercke1q@qq.com', 'Dodge', 'Ram 1500', '2023-01-25 07:26:07', 'rgibberd1q', '2023-07-19 09:14:24', 'ehulmes1q');
insert into user_account (user_id, user_password, email, memo, nickname, created_at, created_by, modified_at, modified_by) values (64, 64, 'dromagosa1r@vkontakte.ru', 'Porsche', '911', '2023-11-08 02:25:48', 'dcharley1r', '2023-06-09 08:46:25', 'wtoffoletto1r');
insert into user_account (user_id, user_password, email, memo, nickname, created_at, created_by, modified_at, modified_by) values (65, 65, 'hboxhill1s@topsy.com', 'Mazda', 'Mazda6', '2023-02-11 21:15:04', 'mtwells1s', '2023-06-15 17:51:17', 'rhaugg1s');
insert into user_account (user_id, user_password, email, memo, nickname, created_at, created_by, modified_at, modified_by) values (66, 66, 'abatterton1t@woothemes.com', 'Toyota', 'Land Cruiser', '2023-05-21 19:18:21', 'lcoch1t', '2023-10-10 20:13:40', 'tsnelgar1t');
insert into user_account (user_id, user_password, email, memo, nickname, created_at, created_by, modified_at, modified_by) values (67, 67, 'cmills1u@ucoz.ru', 'BMW', '3 Series', '2022-11-29 01:45:09', 'vklimecki1u', '2023-05-01 08:51:42', 'estirzaker1u');
insert into user_account (user_id, user_password, email, memo, nickname, created_at, created_by, modified_at, modified_by) values (68, 68, 'kwhiston1v@smugmug.com', 'Hyundai', 'Sonata', '2023-10-31 10:09:36', 'kocurrigan1v', '2023-06-05 01:24:10', 'mferriby1v');
insert into user_account (user_id, user_password, email, memo, nickname, created_at, created_by, modified_at, modified_by) values (69, 69, 'eroddie1w@rakuten.co.jp', 'Cadillac', 'CTS', '2023-08-20 12:35:23', 'eslowly1w', '2023-03-28 21:31:22', 'tbielfelt1w');
insert into user_account (user_id, user_password, email, memo, nickname, created_at, created_by, modified_at, modified_by) values (70, 70, 'bscoyne1x@tumblr.com', 'Honda', 'Passport', '2023-11-17 11:43:11', 'cbeardsley1x', '2023-05-23 08:04:52', 'tmowling1x');
insert into user_account (user_id, user_password, email, memo, nickname, created_at, created_by, modified_at, modified_by) values (71, 71, 'agotch1y@usgs.gov', 'Subaru', 'Legacy', '2023-11-19 02:58:51', 'ocrisell1y', '2022-12-29 02:30:30', 'dberndtssen1y');
insert into user_account (user_id, user_password, email, memo, nickname, created_at, created_by, modified_at, modified_by) values (72, 72, 'dgrabban1z@wunderground.com', 'Chevrolet', 'Suburban 2500', '2023-05-22 11:20:39', 'gbum1z', '2023-02-20 21:00:35', 'bmcbrady1z');
insert into user_account (user_id, user_password, email, memo, nickname, created_at, created_by, modified_at, modified_by) values (73, 73, 'makister20@cam.ac.uk', 'Audi', 'TT', '2023-07-01 04:08:34', 'astronghill20', '2022-12-05 20:45:04', 'lpemble20');
insert into user_account (user_id, user_password, email, memo, nickname, created_at, created_by, modified_at, modified_by) values (74, 74, 'cmacmurray21@home.pl', 'Porsche', '911', '2023-02-26 09:21:52', 'elowings21', '2023-01-29 18:01:18', 'zmellenby21');
insert into user_account (user_id, user_password, email, memo, nickname, created_at, created_by, modified_at, modified_by) values (75, 75, 'vlimpricht22@usatoday.com', 'Mercury', 'Marauder', '2023-10-24 07:59:38', 'zkillimister22', '2022-12-14 22:58:43', 'ccromb22');
insert into user_account (user_id, user_password, email, memo, nickname, created_at, created_by, modified_at, modified_by) values (76, 76, 'sportsmouth23@google.nl', 'Chevrolet', 'Caprice Classic', '2023-09-12 14:27:19', 'pdanniel23', '2023-06-24 20:52:45', 'gkondrat23');
insert into user_account (user_id, user_password, email, memo, nickname, created_at, created_by, modified_at, modified_by) values (77, 77, 'gorth24@lycos.com', 'Jaguar', 'XK Series', '2022-12-11 09:17:14', 'seckley24', '2023-10-08 15:05:56', 'acrysell24');
insert into user_account (user_id, user_password, email, memo, nickname, created_at, created_by, modified_at, modified_by) values (78, 78, 'sdurdan25@dion.ne.jp', 'Kia', 'Sportage', '2023-02-21 21:36:05', 'sdrogan25', '2023-11-27 11:36:51', 'mskillitt25');
insert into user_account (user_id, user_password, email, memo, nickname, created_at, created_by, modified_at, modified_by) values (79, 79, 'bhonnan26@google.co.uk', 'Porsche', '911', '2022-12-10 20:15:32', 'acaddock26', '2023-03-11 06:33:57', 'vtrembley26');
insert into user_account (user_id, user_password, email, memo, nickname, created_at, created_by, modified_at, modified_by) values (80, 80, 'cmacaloren27@miitbeian.gov.cn', 'GMC', 'Savana', '2023-03-12 00:26:29', 'ifinnimore27', '2023-02-03 05:44:04', 'cbulmer27');
insert into user_account (user_id, user_password, email, memo, nickname, created_at, created_by, modified_at, modified_by) values (81, 81, 'acardinal28@amazon.co.uk', 'Dodge', 'Ram Van B150', '2023-10-12 09:01:39', 'kmillson28', '2023-02-11 23:02:04', 'fburnett28');
insert into user_account (user_id, user_password, email, memo, nickname, created_at, created_by, modified_at, modified_by) values (82, 82, 'frunacres29@behance.net', 'Chevrolet', '1500', '2023-09-07 06:17:09', 'lgladman29', '2023-10-26 21:31:59', 'ocastel29');
insert into user_account (user_id, user_password, email, memo, nickname, created_at, created_by, modified_at, modified_by) values (83, 83, 'nvalentinuzzi2a@google.com.au', 'Ford', 'Escape', '2023-07-06 17:19:26', 'fdumbarton2a', '2023-09-10 14:33:54', 'cgladding2a');
insert into user_account (user_id, user_password, email, memo, nickname, created_at, created_by, modified_at, modified_by) values (84, 84, 'vnewart2b@slate.com', 'Nissan', 'Pathfinder', '2023-06-16 00:20:01', 'rwolver2b', '2023-10-17 16:25:14', 'kcumpton2b');
insert into user_account (user_id, user_password, email, memo, nickname, created_at, created_by, modified_at, modified_by) values (85, 85, 'cgrassin2c@dmoz.org', 'Citroën', 'SM', '2023-09-26 00:16:22', 'jlaunder2c', '2023-07-22 18:11:32', 'kbony2c');
insert into user_account (user_id, user_password, email, memo, nickname, created_at, created_by, modified_at, modified_by) values (86, 86, 'rishchenko2d@ted.com', 'GMC', 'Jimmy', '2023-07-24 05:07:04', 'nmclaggan2d', '2023-02-12 20:17:09', 'ryedy2d');
insert into user_account (user_id, user_password, email, memo, nickname, created_at, created_by, modified_at, modified_by) values (87, 87, 'lclemits2e@timesonline.co.uk', 'Mazda', '929', '2023-05-23 22:55:23', 'asabin2e', '2023-04-22 14:33:51', 'thanster2e');
insert into user_account (user_id, user_password, email, memo, nickname, created_at, created_by, modified_at, modified_by) values (88, 88, 'mfroom2f@pinterest.com', 'Toyota', 'Land Cruiser', '2023-09-14 03:53:06', 'pstannion2f', '2023-05-31 11:10:58', 'lkirvell2f');
insert into user_account (user_id, user_password, email, memo, nickname, created_at, created_by, modified_at, modified_by) values (89, 89, 'mchevers2g@altervista.org', 'Ford', 'Explorer Sport Trac', '2023-01-30 08:33:43', 'lstonehewer2g', '2023-03-06 16:42:20', 'aailmer2g');
insert into user_account (user_id, user_password, email, memo, nickname, created_at, created_by, modified_at, modified_by) values (90, 90, 'ccashin2h@mac.com', 'BMW', '3 Series', '2023-06-11 06:27:56', 'kbrill2h', '2023-07-29 06:19:45', 'mstendall2h');
insert into user_account (user_id, user_password, email, memo, nickname, created_at, created_by, modified_at, modified_by) values (91, 91, 'sdimaria2i@github.io', 'Rolls-Royce', 'Phantom', '2023-07-31 21:09:33', 'dtoombes2i', '2023-03-12 21:16:06', 'twalls2i');
insert into user_account (user_id, user_password, email, memo, nickname, created_at, created_by, modified_at, modified_by) values (92, 92, 'vantosik2j@sina.com.cn', 'Chevrolet', 'S10', '2022-12-07 17:31:19', 'ggealle2j', '2023-05-23 05:55:33', 'kgaskins2j');
insert into user_account (user_id, user_password, email, memo, nickname, created_at, created_by, modified_at, modified_by) values (93, 93, 'hbraams2k@gnu.org', 'Audi', 'Q7', '2023-01-31 06:12:43', 'ihenrych2k', '2023-01-22 09:20:58', 'cdoyland2k');
insert into user_account (user_id, user_password, email, memo, nickname, created_at, created_by, modified_at, modified_by) values (94, 94, 'jdouglas2l@china.com.cn', 'BMW', 'X5', '2022-12-08 04:05:18', 'rdecayette2l', '2023-11-06 03:59:07', 'mlistone2l');
insert into user_account (user_id, user_password, email, memo, nickname, created_at, created_by, modified_at, modified_by) values (95, 95, 'esentance2m@imageshack.us', 'Buick', 'Regal', '2023-02-03 19:17:29', 'dalleyne2m', '2023-05-25 19:52:14', 'gcadle2m');
insert into user_account (user_id, user_password, email, memo, nickname, created_at, created_by, modified_at, modified_by) values (96, 96, 'bgilligan2n@umich.edu', 'Volvo', 'S70', '2023-11-20 13:43:41', 'lallans2n', '2023-04-03 14:25:30', 'acolbourne2n');
insert into user_account (user_id, user_password, email, memo, nickname, created_at, created_by, modified_at, modified_by) values (97, 97, 'njosselson2o@friendfeed.com', 'Saab', '9000', '2023-01-16 02:24:53', 'wbuckston2o', '2023-11-25 16:57:48', 'jcolquit2o');
insert into user_account (user_id, user_password, email, memo, nickname, created_at, created_by, modified_at, modified_by) values (98, 98, 'spinchin2p@angelfire.com', 'Pontiac', 'Bonneville', '2023-06-09 11:58:36', 'ecovely2p', '2023-02-20 00:15:17', 'fdomniney2p');
insert into user_account (user_id, user_password, email, memo, nickname, created_at, created_by, modified_at, modified_by) values (99, 99, 'groadknight2q@nationalgeographic.com', 'Mazda', 'B-Series', '2023-11-07 03:22:28', 'mtrace2q', '2023-04-25 09:02:29', 'worlton2q');
insert into user_account (user_id, user_password, email, memo, nickname, created_at, created_by, modified_at, modified_by) values (100, 100, 'bmcgilleghole2r@vimeo.com', 'Ford', 'Mustang', '2022-12-18 14:04:11', 'sbuss2r', '2023-09-08 02:22:49', 'ekirkby2r');


-- article 랜덤 DB 값

insert into article (user_account_id, title, content, hashtag, created_at, created_by, modified_at, modified_by) values (1, 'Kincardine Municipal Airport', 'Grand Prix', 'Pontiac', '2022-12-26 03:19:30', 'wgudeman0', '2023-11-11 03:32:38', 'ealessandrelli0');
insert into article (user_account_id, title, content, hashtag, created_at, created_by, modified_at, modified_by) values (2, 'Mae Hong Son Airport', 'Solara', 'Toyota', '2023-06-26 09:28:48', 'jmeyer1', '2023-07-29 19:47:49', 'cmailey1');
insert into article (user_account_id, title, content, hashtag, created_at, created_by, modified_at, modified_by) values (3, 'MBS International Airport', 'SX4', 'Suzuki', '2023-08-01 00:56:32', 'btoll2', '2022-12-17 01:33:04', 'jcolegrove2');
insert into article (user_account_id, title, content, hashtag, created_at, created_by, modified_at, modified_by) values (4, 'Tiksi Airport', '1 Series', 'BMW', '2023-08-03 18:13:06', 'lsowerby3', '2023-02-17 01:42:32', 'dhearst3');
insert into article (user_account_id, title, content, hashtag, created_at, created_by, modified_at, modified_by) values (5, 'Fort Stockton Pecos County Airport', 'QX', 'Infiniti', '2022-12-06 18:38:52', 'htinniswood4', '2023-10-22 20:00:22', 'dminear4');
insert into article (user_account_id, title, content, hashtag, created_at, created_by, modified_at, modified_by) values (6, 'Apataki Airport', 'Matrix', 'Toyota', '2022-12-22 04:09:22', 'cbaldery5', '2023-03-13 21:29:59', 'strevaskis5');
insert into article (user_account_id, title, content, hashtag, created_at, created_by, modified_at, modified_by) values (7, 'Corumbá International Airport', 'SC', 'Lexus', '2023-09-10 03:50:03', 'dwrettum6', '2023-09-14 23:16:30', 'gharriagn6');
insert into article (user_account_id, title, content, hashtag, created_at, created_by, modified_at, modified_by) values (8, 'Gassim Airport', 'Santa Fe', 'Hyundai', '2023-06-08 12:00:52', 'dlidyard7', '2022-12-15 18:54:04', 'yickovic7');
insert into article (user_account_id, title, content, hashtag, created_at, created_by, modified_at, modified_by) values (9, 'Neil Armstrong Airport', 'Dakota', 'Dodge', '2023-06-14 11:16:52', 'lfleischer8', '2023-06-26 17:26:23', 'gocannan8');
insert into article (user_account_id, title, content, hashtag, created_at, created_by, modified_at, modified_by) values (10, 'Kasiguncu Airport', 'NX', 'Nissan', '2023-01-23 12:33:50', 'baspden9', '2023-06-04 17:48:34', 'tchawner9');
insert into article (user_account_id, title, content, hashtag, created_at, created_by, modified_at, modified_by) values (11, 'Pangborn Memorial Airport', 'Karif', 'Maserati', '2022-12-06 18:45:20', 'abryanta', '2023-02-16 16:38:30', 'tclivea');
insert into article (user_account_id, title, content, hashtag, created_at, created_by, modified_at, modified_by) values (12, 'Waukesha County Airport', 'Tiburon', 'Hyundai', '2023-10-13 23:56:42', 'ehradskyb', '2023-09-21 00:33:47', 'imuglestoneb');
insert into article (user_account_id, title, content, hashtag, created_at, created_by, modified_at, modified_by) values (13, 'Ghriss Airport', 'CT', 'Lexus', '2023-08-26 08:25:17', 'imaidensc', '2022-12-24 15:01:22', 'sosullivanc');
insert into article (user_account_id, title, content, hashtag, created_at, created_by, modified_at, modified_by) values (14, 'Kiwayu Airport', 'Sonata', 'Hyundai', '2023-04-29 21:12:35', 'gkilmurryd', '2023-03-03 13:54:27', 'rhitzked');
insert into article (user_account_id, title, content, hashtag, created_at, created_by, modified_at, modified_by) values (15, 'Haley Army Airfield', 'TSX', 'Acura', '2022-12-28 10:16:57', 'hpristnore', '2023-06-07 17:45:43', 'pplumere');
insert into article (user_account_id, title, content, hashtag, created_at, created_by, modified_at, modified_by) values (16, 'Jacqueline Cochran Regional Airport', 'Caravan', 'Dodge', '2023-09-14 03:16:57', 'jcallejaf', '2023-01-19 17:08:44', 'cproschekf');
insert into article (user_account_id, title, content, hashtag, created_at, created_by, modified_at, modified_by) values (17, 'Kulik Lake Airport', 'Prelude', 'Honda', '2023-05-16 06:49:09', 'bandrewsg', '2023-05-03 01:36:38', 'aannong');
insert into article (user_account_id, title, content, hashtag, created_at, created_by, modified_at, modified_by) values (18, 'Mulu Airport', 'G', 'Infiniti', '2023-02-06 13:27:17', 'aemptageh', '2023-07-14 21:24:21', 'kcustyh');
insert into article (user_account_id, title, content, hashtag, created_at, created_by, modified_at, modified_by) values (19, 'Columbia Gorge Regional the Dalles Municipal Airport', 'A4', 'Audi', '2023-08-04 20:36:28', 'flambertazzii', '2023-03-09 17:57:36', 'sbirkwoodi');
insert into article (user_account_id, title, content, hashtag, created_at, created_by, modified_at, modified_by) values (20, 'Detroit Metropolitan Wayne County Airport', 'Ram Van 3500', 'Dodge', '2023-10-22 11:12:08', 'lbrookziej', '2023-08-29 20:21:18', 'dstallebrassj');
insert into article (user_account_id, title, content, hashtag, created_at, created_by, modified_at, modified_by) values (21, 'Camp Page Airport (A-306)', 'Continental GTC', 'Bentley', '2023-07-23 02:05:52', 'tfurmingerk', '2023-06-03 07:29:26', 'vsaphink');
insert into article (user_account_id, title, content, hashtag, created_at, created_by, modified_at, modified_by) values (22, 'Ciudad Mante National Airport', 'XT', 'Subaru', '2022-12-24 14:03:18', 'jvolckerl', '2023-03-10 19:53:30', 'fflintoffel');
insert into article (user_account_id, title, content, hashtag, created_at, created_by, modified_at, modified_by) values (23, 'Reyes Airport', 'Windstar', 'Ford', '2023-09-18 22:51:32', 'craspm', '2023-04-02 15:39:13', 'rwolseym');
insert into article (user_account_id, title, content, hashtag, created_at, created_by, modified_at, modified_by) values (24, 'Ogdensburg International Airport', '9-5', 'Saab', '2023-11-23 14:44:04', 'fdwanen', '2023-06-23 09:39:44', 'vyukhinn');
insert into article (user_account_id, title, content, hashtag, created_at, created_by, modified_at, modified_by) values (25, 'Ndolo Airport', 'TrailBlazer', 'Chevrolet', '2023-04-17 05:03:21', 'lgonneto', '2023-01-14 20:07:45', 'bdanhero');
insert into article (user_account_id, title, content, hashtag, created_at, created_by, modified_at, modified_by) values (26, 'Fazenda Constância Airport', 'Outback', 'Subaru', '2023-10-10 12:38:16', 'cpinillap', '2023-05-31 13:29:03', 'ssineathp');
insert into article (user_account_id, title, content, hashtag, created_at, created_by, modified_at, modified_by) values (27, 'Khon Kaen Airport', 'Blazer', 'Chevrolet', '2023-04-07 21:35:21', 'dtenbroekq', '2022-12-22 10:41:01', 'sstrandq');
insert into article (user_account_id, title, content, hashtag, created_at, created_by, modified_at, modified_by) values (28, 'Mopah Airport', 'Monte Carlo', 'Chevrolet', '2023-08-17 05:26:39', 'hwillanr', '2023-01-14 13:29:27', 'mserotr');
insert into article (user_account_id, title, content, hashtag, created_at, created_by, modified_at, modified_by) values (29, 'Damascus International Airport', 'Ram Van B250', 'Dodge', '2023-05-07 20:47:54', 'vbrideaus', '2023-01-03 04:32:55', 'sgushs');
insert into article (user_account_id, title, content, hashtag, created_at, created_by, modified_at, modified_by) values (30, 'Amazon Bay Airport', 'Thunderbird', 'Ford', '2022-12-14 15:09:32', 'plaudhamt', '2023-03-30 07:18:40', 'ahancillt');
insert into article (user_account_id, title, content, hashtag, created_at, created_by, modified_at, modified_by) values (31, 'San Marcos Airport', 'LX', 'Lexus', '2023-08-16 17:48:36', 'jgallandersu', '2023-01-02 07:31:58', 'ljalesu');
insert into article (user_account_id, title, content, hashtag, created_at, created_by, modified_at, modified_by) values (32, 'Jaipur International Airport', 'Truck Xtracab SR5', 'Toyota', '2023-02-23 19:38:17', 'ldulwichv', '2023-01-09 05:13:50', 'omactavishv');
insert into article (user_account_id, title, content, hashtag, created_at, created_by, modified_at, modified_by) values (33, 'Toronto/Oshawa Executive Airport', 'Tahoe', 'Chevrolet', '2023-03-22 03:33:11', 'fblockleyw', '2023-04-21 03:01:46', 'equantrellw');
insert into article (user_account_id, title, content, hashtag, created_at, created_by, modified_at, modified_by) values (34, 'Kristianstad Airport', 'Taurus', 'Ford', '2023-05-10 22:23:12', 'hloreitx', '2023-08-18 16:49:29', 'smcfarlanx');
insert into article (user_account_id, title, content, hashtag, created_at, created_by, modified_at, modified_by) values (35, 'Rome State Airport', 'Millenia', 'Mazda', '2023-07-10 09:06:59', 'redgelery', '2023-06-24 14:06:11', 'jfantey');
insert into article (user_account_id, title, content, hashtag, created_at, created_by, modified_at, modified_by) values (36, 'Corisco International Airport', 'Grand Voyager', 'Plymouth', '2023-08-22 22:24:46', 'pmunseyz', '2023-11-03 12:17:13', 'mbattesonz');
insert into article (user_account_id, title, content, hashtag, created_at, created_by, modified_at, modified_by) values (37, 'Renner Field-Goodland Municipal Airport', 'Sephia', 'Kia', '2023-08-24 10:33:30', 'ohauger10', '2023-06-10 08:49:53', 'awysome10');
insert into article (user_account_id, title, content, hashtag, created_at, created_by, modified_at, modified_by) values (38, 'Basankusu Airport', 'Jetta', 'Volkswagen', '2023-05-18 21:29:59', 'tposse11', '2023-01-25 21:46:47', 'dhoyle11');
insert into article (user_account_id, title, content, hashtag, created_at, created_by, modified_at, modified_by) values (39, 'Noumérat - Moufdi Zakaria Airport', 'Cougar', 'Mercury', '2023-01-06 23:06:16', 'awarby12', '2023-09-03 05:02:02', 'alegassick12');
insert into article (user_account_id, title, content, hashtag, created_at, created_by, modified_at, modified_by) values (40, 'Yegepa Airport', 'Avalanche 2500', 'Chevrolet', '2023-06-07 07:44:21', 'nkiddy13', '2023-06-15 22:49:07', 'ljoskovitch13');
insert into article (user_account_id, title, content, hashtag, created_at, created_by, modified_at, modified_by) values (41, 'Inhambane Airport', 'Tempest', 'Pontiac', '2023-08-06 21:21:22', 'gbuggy14', '2023-04-01 22:53:55', 'nwyatt14');
insert into article (user_account_id, title, content, hashtag, created_at, created_by, modified_at, modified_by) values (42, 'Alowe Airport', 'Rio', 'Kia', '2022-12-27 23:13:29', 'blewton15', '2022-12-27 02:32:31', 'abakes15');
insert into article (user_account_id, title, content, hashtag, created_at, created_by, modified_at, modified_by) values (43, 'Victoria Harbour Seaplane Base', 'Jetta', 'Volkswagen', '2023-05-29 21:07:04', 'banyon16', '2023-11-04 12:03:23', 'wkenset16');
insert into article (user_account_id, title, content, hashtag, created_at, created_by, modified_at, modified_by) values (44, 'Lt Warren Eaton Airport', 'Silverado 3500', 'Chevrolet', '2023-11-06 23:37:02', 'hglanz17', '2023-07-24 10:20:09', 'tturfs17');
insert into article (user_account_id, title, content, hashtag, created_at, created_by, modified_at, modified_by) values (45, 'Kato Airport', 'Mustang', 'Ford', '2023-07-21 08:44:20', 'jalpe18', '2023-06-05 22:41:57', 'dbransden18');
insert into article (user_account_id, title, content, hashtag, created_at, created_by, modified_at, modified_by) values (46, 'Tambao Airport', 'Torrent', 'Pontiac', '2023-07-19 14:32:06', 'rlivens19', '2022-12-10 07:03:01', 'emattei19');
insert into article (user_account_id, title, content, hashtag, created_at, created_by, modified_at, modified_by) values (47, 'Esbjerg Airport', 'H1', 'Hummer', '2023-04-22 12:29:06', 'fweond1a', '2023-02-03 01:12:22', 'starling1a');
insert into article (user_account_id, title, content, hashtag, created_at, created_by, modified_at, modified_by) values (48, 'Osh Airport', '2500 Club Coupe', 'GMC', '2023-05-05 03:20:04', 'jdodimead1b', '2023-10-25 08:27:30', 'pbinnell1b');
insert into article (user_account_id, title, content, hashtag, created_at, created_by, modified_at, modified_by) values (49, 'Sir Seewoosagur Ramgoolam International Airport', 'Metro', 'Chevrolet', '2023-11-16 04:24:43', 'sallain1c', '2023-09-28 21:40:03', 'rvolks1c');
insert into article (user_account_id, title, content, hashtag, created_at, created_by, modified_at, modified_by) values (50, 'Cheadle Airport', 'S-Class', 'Mercedes-Benz', '2023-09-09 06:44:58', 'cfullman1d', '2023-10-28 18:16:38', 'ifibbings1d');
insert into article (user_account_id, title, content, hashtag, created_at, created_by, modified_at, modified_by) values (51, 'Columbia Metropolitan Airport', 'Sierra 2500', 'GMC', '2023-05-12 00:46:32', 'ljepperson1e', '2023-03-15 13:57:20', 'ajurkiewicz1e');
insert into article (user_account_id, title, content, hashtag, created_at, created_by, modified_at, modified_by) values (52, 'Clorinda Airport', 'Leganza', 'Daewoo', '2023-11-19 15:39:43', 'ereasce1f', '2023-07-14 05:44:20', 'imedling1f');
insert into article (user_account_id, title, content, hashtag, created_at, created_by, modified_at, modified_by) values (53, 'Cimitarra Airport', 'Maxima', 'Nissan', '2023-04-10 14:54:00', 'dhessenthaler1g', '2023-05-16 04:56:07', 'jeveling1g');
insert into article (user_account_id, title, content, hashtag, created_at, created_by, modified_at, modified_by) values (54, 'Elrose Airport', 'Crown Victoria', 'Ford', '2022-12-28 05:04:21', 'kdemelt1h', '2023-06-19 04:28:37', 'kdominy1h');
insert into article (user_account_id, title, content, hashtag, created_at, created_by, modified_at, modified_by) values (55, 'Arenal Airport', '626', 'Mazda', '2023-04-16 19:44:53', 'skassel1i', '2023-06-25 04:35:36', 'swibberley1i');
insert into article (user_account_id, title, content, hashtag, created_at, created_by, modified_at, modified_by) values (56, 'Martindale Army Heliport', 'DB9', 'Aston Martin', '2023-04-17 15:06:18', 'neneas1j', '2023-02-11 04:37:43', 'mfosserd1j');
insert into article (user_account_id, title, content, hashtag, created_at, created_by, modified_at, modified_by) values (57, 'Ben Slimane Airport', 'Challenger', 'Dodge', '2023-05-14 02:04:09', 'gvarfolomeev1k', '2023-05-19 02:47:11', 'wwillford1k');
insert into article (user_account_id, title, content, hashtag, created_at, created_by, modified_at, modified_by) values (58, 'Xanxerê Airport', 'Taurus', 'Ford', '2023-03-04 07:37:08', 'clabba1l', '2023-10-30 15:23:52', 'mnand1l');
insert into article (user_account_id, title, content, hashtag, created_at, created_by, modified_at, modified_by) values (59, 'Sacramento Executive Airport', 'LFA', 'Lexus', '2022-12-15 06:56:35', 'aeldritt1m', '2023-10-19 15:13:28', 'hmounter1m');
insert into article (user_account_id, title, content, hashtag, created_at, created_by, modified_at, modified_by) values (60, 'Saarloq Heliport', 'Range Rover Classic', 'Land Rover', '2023-04-09 18:56:58', 'jdavidge1n', '2023-07-11 13:44:35', 'jpriddy1n');
insert into article (user_account_id, title, content, hashtag, created_at, created_by, modified_at, modified_by) values (61, 'Bartlesville Municipal Airport', 'SC', 'Lexus', '2023-09-30 07:13:32', 'rdzeniskevich1o', '2023-02-26 23:57:34', 'kdank1o');
insert into article (user_account_id, title, content, hashtag, created_at, created_by, modified_at, modified_by) values (62, 'General Ignacio P. Garcia International Airport', 'Veyron', 'Bugatti', '2022-12-23 04:27:47', 'fmacafee1p', '2023-03-26 14:04:47', 'echristofle1p');
insert into article (user_account_id, title, content, hashtag, created_at, created_by, modified_at, modified_by) values (63, 'Willow Run Airport', 'Carens', 'Kia', '2023-04-21 10:11:57', 'channay1q', '2023-10-04 17:50:52', 'flayfield1q');
insert into article (user_account_id, title, content, hashtag, created_at, created_by, modified_at, modified_by) values (64, 'Nanyang Jiangying Airport', 'C70', 'Volvo', '2023-02-13 05:33:48', 'ecoggon1r', '2023-10-05 06:56:28', 'dcorston1r');
insert into article (user_account_id, title, content, hashtag, created_at, created_by, modified_at, modified_by) values (65, 'Borkum Airport', 'E-Class', 'Mercedes-Benz', '2023-01-26 21:50:13', 'bbatie1s', '2023-11-04 08:31:22', 'edunklee1s');
insert into article (user_account_id, title, content, hashtag, created_at, created_by, modified_at, modified_by) values (66, 'Ammaroo Airport', 'M6', 'BMW', '2023-10-02 12:27:06', 'velliman1t', '2023-06-17 12:38:50', 'tdanielkiewicz1t');
insert into article (user_account_id, title, content, hashtag, created_at, created_by, modified_at, modified_by) values (67, 'Maputo Airport', 'Golf', 'Volkswagen', '2022-12-27 21:06:20', 'ewickman1u', '2023-04-18 05:30:23', 'sbernardotti1u');
insert into article (user_account_id, title, content, hashtag, created_at, created_by, modified_at, modified_by) values (68, 'Santa Cruz Island Airport', 'Golf', 'Volkswagen', '2023-04-22 10:31:14', 'slownie1v', '2023-01-20 06:07:34', 'pszymonowicz1v');
insert into article (user_account_id, title, content, hashtag, created_at, created_by, modified_at, modified_by) values (69, 'Whatì Airport', 'F450', 'Ford', '2023-05-10 13:07:45', 'cmooney1w', '2023-07-16 11:36:16', 'wferrer1w');
insert into article (user_account_id, title, content, hashtag, created_at, created_by, modified_at, modified_by) values (70, 'Lac Brochet Airport', 'Rodeo', 'Isuzu', '2023-05-10 20:16:27', 'ekennerknecht1x', '2023-09-07 22:55:00', 'rkinghorn1x');
insert into article (user_account_id, title, content, hashtag, created_at, created_by, modified_at, modified_by) values (71, 'Moody Air Force Base', 'Eldorado', 'Cadillac', '2023-01-02 10:51:14', 'bblasing1y', '2023-02-19 22:48:52', 'asinfield1y');
insert into article (user_account_id, title, content, hashtag, created_at, created_by, modified_at, modified_by) values (72, 'Zhob Airport', 'Sequoia', 'Toyota', '2023-11-26 00:32:55', 'bludvigsen1z', '2022-12-14 03:27:12', 'rgreser1z');
insert into article (user_account_id, title, content, hashtag, created_at, created_by, modified_at, modified_by) values (73, 'Oiapoque Airport', 'Spirit', 'Dodge', '2023-01-26 18:07:54', 'mveivers20', '2023-07-29 07:01:57', 'cbarus20');
insert into article (user_account_id, title, content, hashtag, created_at, created_by, modified_at, modified_by) values (74, 'Scarlett Martinez International Airport', 'CL-Class', 'Mercedes-Benz', '2023-03-26 03:59:03', 'pruane21', '2023-09-12 10:30:31', 'trainy21');
insert into article (user_account_id, title, content, hashtag, created_at, created_by, modified_at, modified_by) values (75, 'Alexander Field South Wood County Airport', 'Miata MX-5', 'Mazda', '2023-10-29 01:42:12', 'tdemann22', '2023-10-15 21:54:04', 'datwell22');
insert into article (user_account_id, title, content, hashtag, created_at, created_by, modified_at, modified_by) values (76, 'Fort Mackay / Horizon Airport', 'Mulsanne', 'Bentley', '2023-09-09 07:18:02', 'grymer23', '2023-08-11 18:10:39', 'spleager23');
insert into article (user_account_id, title, content, hashtag, created_at, created_by, modified_at, modified_by) values (77, 'Bost Airport', 'Expedition', 'Ford', '2023-05-08 17:52:21', 'owehnerr24', '2023-10-21 04:52:34', 'drowlands24');
insert into article (user_account_id, title, content, hashtag, created_at, created_by, modified_at, modified_by) values (78, 'Sultan Mahmud Airport', 'Mountaineer', 'Mercury', '2022-12-19 14:11:05', 'cblumer25', '2023-03-07 16:08:51', 'sziebart25');
insert into article (user_account_id, title, content, hashtag, created_at, created_by, modified_at, modified_by) values (79, 'Hopetoun Airport', 'Q', 'Infiniti', '2022-12-14 23:04:19', 'kwhittock26', '2023-03-17 11:34:56', 'aranshaw26');
insert into article (user_account_id, title, content, hashtag, created_at, created_by, modified_at, modified_by) values (80, 'Enrique Adolfo Jimenez Airport', 'Grand Marquis', 'Mercury', '2023-07-05 18:14:33', 'jseath27', '2023-02-05 04:49:00', 'gbircher27');
insert into article (user_account_id, title, content, hashtag, created_at, created_by, modified_at, modified_by) values (81, 'Lae Island Airport', 'Altima', 'Nissan', '2023-02-07 07:07:04', 'dphelp28', '2023-11-22 18:41:20', 'ngun28');
insert into article (user_account_id, title, content, hashtag, created_at, created_by, modified_at, modified_by) values (82, 'Dillingham Airfield', 'Dakota', 'Dodge', '2023-10-11 07:34:03', 'edaud29', '2023-06-11 19:27:02', 'mwebling29');
insert into article (user_account_id, title, content, hashtag, created_at, created_by, modified_at, modified_by) values (83, 'Gütersloh Air Base', 'G-Series G20', 'Chevrolet', '2023-06-28 15:34:53', 'ajoseland2a', '2022-12-04 08:26:34', 'celfe2a');
insert into article (user_account_id, title, content, hashtag, created_at, created_by, modified_at, modified_by) values (84, 'Paramillo Airport', 'F250', 'Ford', '2023-10-06 08:43:22', 'specht2b', '2023-06-17 08:59:50', 'dspiller2b');
insert into article (user_account_id, title, content, hashtag, created_at, created_by, modified_at, modified_by) values (85, 'Ufa International Airport', 'S-Class', 'Mercedes-Benz', '2023-10-25 17:33:52', 'lfallowfield2c', '2023-04-15 00:02:06', 'dvalenssmith2c');
insert into article (user_account_id, title, content, hashtag, created_at, created_by, modified_at, modified_by) values (86, 'Bawan Airport', 'Fit', 'Honda', '2023-09-29 01:35:15', 'khaggerwood2d', '2023-05-05 22:02:54', 'dhazael2d');
insert into article (user_account_id, title, content, hashtag, created_at, created_by, modified_at, modified_by) values (87, 'Kamina Airport', 'Escape', 'Ford', '2023-10-18 02:22:43', 'vcroston2e', '2023-01-14 02:13:28', 'ahoovart2e');
insert into article (user_account_id, title, content, hashtag, created_at, created_by, modified_at, modified_by) values (88, 'Jinchuan Airport', 'XJ Series', 'Jaguar', '2023-11-08 08:25:10', 'lsabate2f', '2023-06-08 06:06:20', 'ahotton2f');
insert into article (user_account_id, title, content, hashtag, created_at, created_by, modified_at, modified_by) values (89, 'La Güera Airport', 'Sierra 2500', 'GMC', '2022-12-31 12:56:28', 'svreede2g', '2023-07-31 08:05:16', 'bmanshaw2g');
insert into article (user_account_id, title, content, hashtag, created_at, created_by, modified_at, modified_by) values (90, 'Minsk 1 Airport', 'E-Series', 'Ford', '2022-12-11 05:01:46', 'lfinci2h', '2023-09-20 14:07:22', 'mviggars2h');
insert into article (user_account_id, title, content, hashtag, created_at, created_by, modified_at, modified_by) values (91, 'Purwokerto Airport', 'S-Series', 'Saturn', '2023-11-02 06:44:49', 'tjolliss2i', '2023-07-09 08:21:22', 'hmorphey2i');
insert into article (user_account_id, title, content, hashtag, created_at, created_by, modified_at, modified_by) values (92, 'Coari Airport', 'Tracer', 'Mercury', '2022-12-31 20:18:00', 'gdenormanville2j', '2023-07-26 00:47:21', 'lnetherwood2j');
insert into article (user_account_id, title, content, hashtag, created_at, created_by, modified_at, modified_by) values (93, 'Kearney Regional Airport', 'Gran Sport', 'Maserati', '2023-01-05 22:13:15', 'vcollete2k', '2023-07-07 12:36:32', 'cjoynt2k');
insert into article (user_account_id, title, content, hashtag, created_at, created_by, modified_at, modified_by) values (94, 'Forestville Airport', 'Roadmaster', 'Buick', '2023-06-16 00:00:27', 'fmattson2l', '2022-12-15 09:26:22', 'nsmeath2l');
insert into article (user_account_id, title, content, hashtag, created_at, created_by, modified_at, modified_by) values (95, 'Balkhash Airport', 'Amigo', 'Isuzu', '2023-03-04 04:51:39', 'mtanser2m', '2023-09-19 01:01:09', 'gwarters2m');
insert into article (user_account_id, title, content, hashtag, created_at, created_by, modified_at, modified_by) values (96, 'Khabarovsk-Novy Airport', 'Celica', 'Toyota', '2023-04-02 06:56:37', 'mcamelia2n', '2023-07-19 06:08:08', 'barmal2n');
insert into article (user_account_id, title, content, hashtag, created_at, created_by, modified_at, modified_by) values (97, 'Dr. Babasaheb Ambedkar International Airport', 'Cooper', 'MINI', '2022-12-02 14:49:46', 'htillot2o', '2023-11-17 06:11:04', 'ctriplett2o');
insert into article (user_account_id, title, content, hashtag, created_at, created_by, modified_at, modified_by) values (98, 'St Louis Downtown Airport', 'G', 'Infiniti', '2023-06-20 02:02:58', 'rklas2p', '2023-10-16 21:56:26', 'thartigan2p');
insert into article (user_account_id, title, content, hashtag, created_at, created_by, modified_at, modified_by) values (99, 'May Creek Airport', 'GTO', 'Pontiac', '2023-04-02 14:43:53', 'lclench2q', '2023-11-24 13:30:18', 'vbuick2q');


-- article_comment 랜덤 DB 값

insert into article_comment (article_id, user_account_id, content, created_at, created_by, modified_at, modified_by) values (1, 1, '228', '2022-12-17 06:30:53', 'vhudspeth0', '2023-03-17 18:20:53', 'nbrunesco0');
insert into article_comment (article_id, user_account_id, content, created_at, created_by, modified_at, modified_by) values (2, 2, 'Montana', '2023-01-30 17:05:11', 'aaughton1', '2023-05-19 11:43:21', 'sklageman1');
insert into article_comment (article_id, user_account_id, content, created_at, created_by, modified_at, modified_by) values (3, 3, '200', '2023-05-16 23:34:04', 'wkiellor2', '2023-01-19 23:44:09', 'mtortice2');
insert into article_comment (article_id, user_account_id, content, created_at, created_by, modified_at, modified_by) values (4, 4, 'Elantra', '2023-02-07 16:58:06', 'mstapels3', '2023-11-27 04:02:01', 'fglover3');
insert into article_comment (article_id, user_account_id, content, created_at, created_by, modified_at, modified_by) values (5, 5, 'Corolla', '2023-05-07 03:04:29', 'bmccrann4', '2023-11-25 06:38:03', 'qcorns4');
insert into article_comment (article_id, user_account_id, content, created_at, created_by, modified_at, modified_by) values (6, 6, 'Yukon', '2023-10-29 19:45:23', 'pcristoforetti5', '2023-05-08 00:43:33', 'wlepere5');
insert into article_comment (article_id, user_account_id, content, created_at, created_by, modified_at, modified_by) values (7, 7, 'LX', '2023-01-09 10:50:50', 'mmallows6', '2023-10-07 08:49:35', 'dcisson6');
insert into article_comment (article_id, user_account_id, content, created_at, created_by, modified_at, modified_by) values (8, 8, 'Ram 1500', '2023-10-01 14:14:24', 'kriccardi7', '2023-03-03 23:11:13', 'agrogono7');
insert into article_comment (article_id, user_account_id, content, created_at, created_by, modified_at, modified_by) values (9, 9, 'Trooper', '2023-11-03 23:58:55', 'lberfoot8', '2023-01-23 22:49:38', 'asimoncelli8');
insert into article_comment (article_id, user_account_id, content, created_at, created_by, modified_at, modified_by) values (10, 10, 'Riviera', '2023-03-27 08:46:53', 'shallard9', '2023-04-04 19:00:02', 'pjozaitis9');
insert into article_comment (article_id, user_account_id, content, created_at, created_by, modified_at, modified_by) values (11, 11, 'S10', '2023-10-22 15:12:01', 'dfaasa', '2023-06-27 19:37:35', 'tgummera');
insert into article_comment (article_id, user_account_id, content, created_at, created_by, modified_at, modified_by) values (12, 12, 'V8 Vantage S', '2023-09-06 04:08:50', 'khuggettb', '2023-08-14 19:20:19', 'caloigib');
insert into article_comment (article_id, user_account_id, content, created_at, created_by, modified_at, modified_by) values (13, 13, 'Pathfinder', '2023-10-08 22:47:18', 'aferroc', '2023-09-01 18:53:27', 'lmcquodec');
insert into article_comment (article_id, user_account_id, content, created_at, created_by, modified_at, modified_by) values (14, 14, '760', '2023-05-12 04:42:09', 'gmccritichied', '2023-05-14 00:06:39', 'kschwierd');
insert into article_comment (article_id, user_account_id, content, created_at, created_by, modified_at, modified_by) values (15, 15, 'Panamera', '2023-02-18 15:55:04', 'rllywarche', '2023-09-08 05:16:41', 'kbullione');
insert into article_comment (article_id, user_account_id, content, created_at, created_by, modified_at, modified_by) values (16, 16, 'Lancer Evolution', '2023-11-27 21:02:39', 'fblandf', '2023-09-16 19:02:17', 'rwakefieldf');
insert into article_comment (article_id, user_account_id, content, created_at, created_by, modified_at, modified_by) values (17, 17, '550', '2022-12-07 04:53:54', 'elowresg', '2023-11-16 20:58:46', 'lpykeg');
insert into article_comment (article_id, user_account_id, content, created_at, created_by, modified_at, modified_by) values (18, 18, '200SX', '2023-02-09 19:56:59', 'espratlingh', '2023-06-20 21:53:12', 'abriztmanh');
insert into article_comment (article_id, user_account_id, content, created_at, created_by, modified_at, modified_by) values (19, 19, 'SC', '2023-01-09 11:41:53', 'rsahnowi', '2023-07-27 02:56:49', 'nyanshini');
insert into article_comment (article_id, user_account_id, content, created_at, created_by, modified_at, modified_by) values (20, 20, 'Beetle', '2022-12-23 20:12:03', 'iallardj', '2023-02-06 07:19:41', 'ghullsj');
insert into article_comment (article_id, user_account_id, content, created_at, created_by, modified_at, modified_by) values (21, 21, 'M5', '2023-09-13 20:53:16', 'gnasseyk', '2023-02-08 04:27:47', 'acolbournk');
insert into article_comment (article_id, user_account_id, content, created_at, created_by, modified_at, modified_by) values (22, 22, 'Trans Sport', '2023-02-06 20:50:50', 'mstanneringl', '2023-03-26 10:09:53', 'egreatbanksl');
insert into article_comment (article_id, user_account_id, content, created_at, created_by, modified_at, modified_by) values (23, 23, 'MDX', '2023-08-17 06:05:13', 'rslobomm', '2023-08-19 00:45:55', 'pmaskillm');
insert into article_comment (article_id, user_account_id, content, created_at, created_by, modified_at, modified_by) values (24, 24, 'LSS', '2023-05-10 02:28:33', 'ashereln', '2023-10-08 15:53:46', 'pmellingn');
insert into article_comment (article_id, user_account_id, content, created_at, created_by, modified_at, modified_by) values (25, 25, 'TSX', '2023-01-29 08:38:34', 'rwakerleyo', '2022-12-31 00:36:30', 'emaybeyo');
insert into article_comment (article_id, user_account_id, content, created_at, created_by, modified_at, modified_by) values (26, 26, 'Accord', '2022-12-07 02:54:35', 'rlillemanp', '2023-05-26 21:01:47', 'cpitrassop');
insert into article_comment (article_id, user_account_id, content, created_at, created_by, modified_at, modified_by) values (27, 27, 'Crossfire', '2023-07-30 11:50:18', 'eoatenq', '2023-10-31 18:22:08', 'gheinertq');
insert into article_comment (article_id, user_account_id, content, created_at, created_by, modified_at, modified_by) values (28, 28, 'Town Car', '2023-06-29 22:40:39', 'kbaughenr', '2023-11-01 04:41:58', 'rhayenr');
insert into article_comment (article_id, user_account_id, content, created_at, created_by, modified_at, modified_by) values (29, 29, 'Expedition', '2023-10-08 22:57:04', 'eslyfords', '2023-09-08 11:18:54', 'lklainers');
insert into article_comment (article_id, user_account_id, content, created_at, created_by, modified_at, modified_by) values (30, 30, 'A4', '2023-03-08 07:15:54', 'ebinglet', '2022-12-27 13:37:41', 'maleksandrevt');
insert into article_comment (article_id, user_account_id, content, created_at, created_by, modified_at, modified_by) values (31, 31, 'Cherokee', '2023-11-12 23:45:04', 'hnealonu', '2023-04-18 03:39:08', 'hstallardu');
insert into article_comment (article_id, user_account_id, content, created_at, created_by, modified_at, modified_by) values (32, 32, 'Tundra', '2023-03-24 13:46:23', 'ofloodv', '2023-09-03 08:00:08', 'mspeirsv');
insert into article_comment (article_id, user_account_id, content, created_at, created_by, modified_at, modified_by) values (33, 33, 'Boxster', '2023-04-14 21:11:18', 'lmawmanw', '2023-06-24 22:06:34', 'rlinningw');
insert into article_comment (article_id, user_account_id, content, created_at, created_by, modified_at, modified_by) values (34, 34, '62', '2023-02-15 07:53:28', 'bdewesx', '2023-04-07 00:59:47', 'kchattoex');
insert into article_comment (article_id, user_account_id, content, created_at, created_by, modified_at, modified_by) values (35, 35, 'Escalade EXT', '2023-05-09 00:59:26', 'fkettlestringey', '2023-01-23 05:27:05', 'ghansleyy');
insert into article_comment (article_id, user_account_id, content, created_at, created_by, modified_at, modified_by) values (36, 36, 'Ranger', '2023-09-16 19:18:35', 'aallettz', '2022-11-30 09:28:37', 'gdrioliz');
insert into article_comment (article_id, user_account_id, content, created_at, created_by, modified_at, modified_by) values (37, 37, '7 Series', '2023-09-25 09:46:15', 'pvasyatkin10', '2023-09-17 05:55:32', 'dgittis10');
insert into article_comment (article_id, user_account_id, content, created_at, created_by, modified_at, modified_by) values (38, 38, 'Grand Am', '2023-09-26 18:14:46', 'sloseby11', '2023-04-16 14:58:44', 'mcrathorne11');
insert into article_comment (article_id, user_account_id, content, created_at, created_by, modified_at, modified_by) values (39, 39, 'Econoline E250', '2022-12-19 22:33:42', 'lchastney12', '2023-10-13 23:53:59', 'cwinship12');
insert into article_comment (article_id, user_account_id, content, created_at, created_by, modified_at, modified_by) values (40, 40, 'Impreza', '2023-03-02 22:47:14', 'rpurchase13', '2023-08-31 20:21:05', 'blampert13');
insert into article_comment (article_id, user_account_id, content, created_at, created_by, modified_at, modified_by) values (41, 41, 'C-Class', '2022-12-03 22:57:29', 'aomullally14', '2023-06-27 16:03:59', 'adagwell14');
insert into article_comment (article_id, user_account_id, content, created_at, created_by, modified_at, modified_by) values (42, 42, 'Bonneville', '2023-01-07 17:36:48', 'egelland15', '2022-12-14 22:04:41', 'edossetter15');
insert into article_comment (article_id, user_account_id, content, created_at, created_by, modified_at, modified_by) values (43, 43, 'Escalade', '2023-03-16 21:27:27', 'tpersich16', '2023-06-14 17:39:16', 'ehefford16');
insert into article_comment (article_id, user_account_id, content, created_at, created_by, modified_at, modified_by) values (44, 44, 'Leone', '2022-12-17 01:58:37', 'dedeson17', '2022-12-08 06:58:12', 'socullen17');
insert into article_comment (article_id, user_account_id, content, created_at, created_by, modified_at, modified_by) values (45, 45, '2500', '2023-11-11 01:03:10', 'srushforth18', '2023-11-25 21:30:24', 'atilmouth18');
insert into article_comment (article_id, user_account_id, content, created_at, created_by, modified_at, modified_by) values (46, 46, 'LaCrosse', '2023-03-14 01:49:13', 'ffutty19', '2022-12-17 22:54:53', 'hfeathersby19');
insert into article_comment (article_id, user_account_id, content, created_at, created_by, modified_at, modified_by) values (47, 47, 'Optima', '2023-04-29 11:20:47', 'fduffit1a', '2023-11-17 01:49:13', 'ltweed1a');
insert into article_comment (article_id, user_account_id, content, created_at, created_by, modified_at, modified_by) values (48, 48, 'Cavalier', '2023-10-22 22:41:53', 'rlubeck1b', '2023-03-19 00:06:42', 'odavidovici1b');
insert into article_comment (article_id, user_account_id, content, created_at, created_by, modified_at, modified_by) values (49, 49, 'Sunbird', '2023-07-15 08:09:21', 'gosant1c', '2022-12-27 01:46:11', 'lmendel1c');
insert into article_comment (article_id, user_account_id, content, created_at, created_by, modified_at, modified_by) values (50, 50, 'Metro', '2023-03-24 22:45:56', 'salbert1d', '2023-09-09 23:07:05', 'cpaddefield1d');
insert into article_comment (article_id, user_account_id, content, created_at, created_by, modified_at, modified_by) values (51, 51, 'Yaris', '2023-09-12 06:20:40', 'awands1e', '2023-05-01 16:07:18', 'ofrancais1e');
insert into article_comment (article_id, user_account_id, content, created_at, created_by, modified_at, modified_by) values (52, 52, 'S40', '2023-11-12 04:42:28', 'cslisby1f', '2022-12-28 01:43:08', 'ygroundwater1f');
insert into article_comment (article_id, user_account_id, content, created_at, created_by, modified_at, modified_by) values (53, 53, 'Catera', '2023-01-12 12:27:05', 'pcratere1g', '2023-06-07 05:16:05', 'mthomason1g');
insert into article_comment (article_id, user_account_id, content, created_at, created_by, modified_at, modified_by) values (54, 54, 'Legacy', '2023-10-02 10:18:20', 'awetheril1h', '2023-01-03 23:12:01', 'zheskin1h');
insert into article_comment (article_id, user_account_id, content, created_at, created_by, modified_at, modified_by) values (55, 55, 'Ridgeline', '2023-02-10 16:04:48', 'dmccurt1i', '2023-08-25 13:07:18', 'ppocknell1i');
insert into article_comment (article_id, user_account_id, content, created_at, created_by, modified_at, modified_by) values (56, 56, 'MR2', '2023-05-23 23:04:23', 'aparmeter1j', '2023-04-27 15:17:54', 'abaraja1j');
insert into article_comment (article_id, user_account_id, content, created_at, created_by, modified_at, modified_by) values (57, 57, 'Rally Wagon 1500', '2023-01-22 11:03:34', 'blinfitt1k', '2022-12-08 20:33:27', 'ophethean1k');
insert into article_comment (article_id, user_account_id, content, created_at, created_by, modified_at, modified_by) values (58, 58, 'Cube', '2023-04-28 03:32:30', 'btween1l', '2023-04-03 21:09:12', 'dkollas1l');
insert into article_comment (article_id, user_account_id, content, created_at, created_by, modified_at, modified_by) values (59, 59, '600SEL', '2023-05-02 12:35:57', 'ftutchings1m', '2023-01-11 07:37:32', 'afinnimore1m');
insert into article_comment (article_id, user_account_id, content, created_at, created_by, modified_at, modified_by) values (60, 60, 'Golf', '2023-04-19 04:47:03', 'gbache1n', '2023-11-13 22:38:09', 'jcarnachen1n');
insert into article_comment (article_id, user_account_id, content, created_at, created_by, modified_at, modified_by) values (61, 61, 'Sebring', '2023-01-19 15:12:32', 'gkempson1o', '2023-06-22 17:15:44', 'tglazzard1o');
insert into article_comment (article_id, user_account_id, content, created_at, created_by, modified_at, modified_by) values (62, 62, 'Town & Country', '2023-01-22 09:37:08', 'cwayper1p', '2023-09-17 15:50:10', 'ilenz1p');
insert into article_comment (article_id, user_account_id, content, created_at, created_by, modified_at, modified_by) values (63, 63, 'XC70', '2023-04-30 09:07:17', 'echieco1q', '2022-12-10 14:49:22', 'ecastagneri1q');
insert into article_comment (article_id, user_account_id, content, created_at, created_by, modified_at, modified_by) values (64, 64, 'Intrepid', '2023-06-08 15:10:44', 'fbiskup1r', '2023-07-07 09:12:19', 'esidery1r');
insert into article_comment (article_id, user_account_id, content, created_at, created_by, modified_at, modified_by) values (65, 65, 'Trans Sport', '2023-08-02 18:00:37', 'flensch1s', '2023-02-18 08:52:58', 'jziemen1s');
insert into article_comment (article_id, user_account_id, content, created_at, created_by, modified_at, modified_by) values (66, 66, 'SJ', '2023-02-12 18:15:18', 'hphettiplace1t', '2023-01-04 08:03:53', 'bcouthard1t');
insert into article_comment (article_id, user_account_id, content, created_at, created_by, modified_at, modified_by) values (67, 67, '911', '2023-04-14 02:39:54', 'dlovelady1u', '2023-09-17 02:09:53', 'beakin1u');
insert into article_comment (article_id, user_account_id, content, created_at, created_by, modified_at, modified_by) values (68, 68, 'Cooper', '2023-06-27 21:26:07', 'bwisbey1v', '2023-10-02 11:48:02', 'finstock1v');
insert into article_comment (article_id, user_account_id, content, created_at, created_by, modified_at, modified_by) values (69, 69, '190E', '2023-07-02 22:37:48', 'ledgeson1w', '2023-03-07 14:18:13', 'rvallens1w');
insert into article_comment (article_id, user_account_id, content, created_at, created_by, modified_at, modified_by) values (70, 70, 'Ram Van B350', '2023-01-12 05:15:50', 'gmeany1x', '2023-05-12 08:35:49', 'emarchiso1x');
insert into article_comment (article_id, user_account_id, content, created_at, created_by, modified_at, modified_by) values (71, 71, 'Altima', '2022-12-15 22:27:13', 'kgarrie1y', '2023-09-26 23:02:57', 'dcandey1y');
insert into article_comment (article_id, user_account_id, content, created_at, created_by, modified_at, modified_by) values (72, 72, '911', '2023-01-17 22:00:46', 'hhooks1z', '2022-12-08 03:53:46', 'bgrima1z');
insert into article_comment (article_id, user_account_id, content, created_at, created_by, modified_at, modified_by) values (73, 73, 'E-Series', '2023-10-11 23:38:42', 'jmacenzy20', '2023-09-09 00:50:27', 'dclementel20');
insert into article_comment (article_id, user_account_id, content, created_at, created_by, modified_at, modified_by) values (74, 74, 'MX-6', '2022-12-03 04:44:41', 'agori21', '2023-02-01 20:05:01', 'ibricknall21');
insert into article_comment (article_id, user_account_id, content, created_at, created_by, modified_at, modified_by) values (75, 75, 'LR3', '2023-11-06 07:05:41', 'shoston22', '2022-12-16 23:05:12', 'ushane22');
insert into article_comment (article_id, user_account_id, content, created_at, created_by, modified_at, modified_by) values (76, 76, 'Stealth', '2023-06-22 09:33:59', 'jweal23', '2022-12-12 12:55:15', 'mmackie23');
insert into article_comment (article_id, user_account_id, content, created_at, created_by, modified_at, modified_by) values (77, 77, 'Sable', '2023-11-18 01:04:22', 'sdugood24', '2023-09-29 20:23:19', 'awade24');
insert into article_comment (article_id, user_account_id, content, created_at, created_by, modified_at, modified_by) values (78, 78, 'Accord Crosstour', '2023-03-06 15:57:08', 'estorcke25', '2023-03-05 23:35:25', 'mkingett25');
insert into article_comment (article_id, user_account_id, content, created_at, created_by, modified_at, modified_by) values (79, 79, 'A6', '2023-10-28 00:34:12', 'flowde26', '2023-08-15 03:08:18', 'mpearn26');
insert into article_comment (article_id, user_account_id, content, created_at, created_by, modified_at, modified_by) values (80, 80, '4Runner', '2023-07-22 05:13:11', 'stingley27', '2023-02-07 10:02:32', 'rbeaulieu27');
insert into article_comment (article_id, user_account_id, content, created_at, created_by, modified_at, modified_by) values (81, 81, '7 Series', '2022-12-14 16:46:04', 'dwibberley28', '2023-11-13 12:51:36', 'dyushachkov28');
insert into article_comment (article_id, user_account_id, content, created_at, created_by, modified_at, modified_by) values (82, 82, 'W201', '2023-03-26 04:42:34', 'afromont29', '2023-07-23 14:08:15', 'pbiggar29');
insert into article_comment (article_id, user_account_id, content, created_at, created_by, modified_at, modified_by) values (83, 83, 'Colorado', '2023-08-27 06:31:21', 'dhinks2a', '2023-08-07 20:59:34', 'ltewes2a');
insert into article_comment (article_id, user_account_id, content, created_at, created_by, modified_at, modified_by) values (84, 84, 'MR2', '2022-12-28 05:58:35', 'dkenford2b', '2023-08-08 00:56:40', 'hfleckno2b');
insert into article_comment (article_id, user_account_id, content, created_at, created_by, modified_at, modified_by) values (85, 85, 'Roadmaster', '2023-06-10 18:10:45', 'lmunnery2c', '2023-08-12 10:09:06', 'sbarraclough2c');
insert into article_comment (article_id, user_account_id, content, created_at, created_by, modified_at, modified_by) values (86, 86, 'Escalade ESV', '2023-11-07 12:09:07', 'cmcadam2d', '2023-11-27 10:18:13', 'kruddock2d');
insert into article_comment (article_id, user_account_id, content, created_at, created_by, modified_at, modified_by) values (87, 87, 'MX-5', '2023-10-20 20:46:32', 'ckearley2e', '2023-07-29 14:22:51', 'fjordison2e');
insert into article_comment (article_id, user_account_id, content, created_at, created_by, modified_at, modified_by) values (88, 88, 'Safari', '2023-02-19 20:36:12', 'emacaughtrie2f', '2023-05-31 19:52:48', 'rivett2f');
insert into article_comment (article_id, user_account_id, content, created_at, created_by, modified_at, modified_by) values (89, 89, 'H1', '2023-09-22 15:23:54', 'bcornhill2g', '2023-04-22 19:17:38', 'bmcgerr2g');
insert into article_comment (article_id, user_account_id, content, created_at, created_by, modified_at, modified_by) values (90, 90, 'Titan', '2023-06-06 13:37:15', 'gash2h', '2023-09-05 21:02:29', 'mpattullo2h');
insert into article_comment (article_id, user_account_id, content, created_at, created_by, modified_at, modified_by) values (91, 91, 'QX', '2023-08-03 05:18:10', 'icolbourn2i', '2023-09-09 22:34:58', 'bmarco2i');
insert into article_comment (article_id, user_account_id, content, created_at, created_by, modified_at, modified_by) values (92, 92, 'Scoupe', '2023-07-08 07:36:50', 'npeattie2j', '2023-10-02 07:35:26', 'sstagge2j');
insert into article_comment (article_id, user_account_id, content, created_at, created_by, modified_at, modified_by) values (93, 93, 'Sedona', '2023-06-01 17:10:37', 'rcorroyer2k', '2023-09-22 23:59:52', 'pjosipovitz2k');
insert into article_comment (article_id, user_account_id, content, created_at, created_by, modified_at, modified_by) values (94, 94, 'Vandura G1500', '2023-07-17 19:08:56', 'lruse2l', '2023-08-05 02:17:02', 'psissland2l');
insert into article_comment (article_id, user_account_id, content, created_at, created_by, modified_at, modified_by) values (95, 95, 'MDX', '2023-07-09 12:50:59', 'lfloch2m', '2023-04-10 20:05:05', 'vonions2m');
insert into article_comment (article_id, user_account_id, content, created_at, created_by, modified_at, modified_by) values (96, 96, 'Excel', '2023-08-18 03:54:10', 'nroder2n', '2022-12-19 04:11:23', 'dlidster2n');
insert into article_comment (article_id, user_account_id, content, created_at, created_by, modified_at, modified_by) values (97, 97, 'Safari', '2022-12-15 11:18:37', 'sswainston2o', '2023-06-29 11:06:32', 'mscurlock2o');
insert into article_comment (article_id, user_account_id, content, created_at, created_by, modified_at, modified_by) values (98, 98, 'New Beetle', '2023-09-29 11:49:39', 'cbessey2p', '2023-05-13 19:04:59', 'pthurbon2p');
insert into article_comment (article_id, user_account_id, content, created_at, created_by, modified_at, modified_by) values (99, 99, 'Forenza', '2023-05-25 12:00:45', 'jcavee2q', '2023-09-15 09:36:30', 'scoopman2q');

